15595,exit-esports,EXIT Esports
8826,alternate-attax,ALTERNATE aTTaX,ATN
8303,s2-esports,S2 Esports,S2
9913,team-fragster,Team Fragster,FRAG
12122,doomster,Doomster
12186,ghosts,ghosts
10597,one-team-esports,ONE Team Esports,ONE
13112,lost-puppies,Lost Puppies,LP
13587,team-respect,Team Respect,RES
9916,exceptional-gaming,Exceptional Gaming,EXG
13905,kof-2002,KOF 2002,DES
13368,grayfox-esports,Grayfox Esports,GRY
2536,kg-network,KG Network,KG
6127,axolotl,Axolotl,AXL
1316,qlash,QLASH,QLSH
9762,gtz-esports,GTZ Esports,GTZ
4173,ovation-esports,Ovation eSports,OVA
7105,ex0tik-gaming,EX0TIK GAMING,EX0
12185,project,Project ÄÄÄ,ÄÄÄ
3107,griffin-e-sports,Griffin E-Sports,GFN
9011,impulse-gw,Impulse GW,IGW
1791,ftw-esports,FTW Esports,FTW
15065,carti-esports,Carti Esports,CE
7038,unicorns-of-love,Unicorns of Love,UOL
15058,old-stinky-cat,OLD STINKY CAT,MEOW
8484,medal-esports,Medal Esports,MDL
8380,divizon,DIVIZON,DIV
10416,team-aku-aku,Team Aku Aku,AKU
4669,digital-athletics,Digital Athletics,DATH
14000,geladeira-brastemp-98,Geladeira brastemp 98,G98
6538,dsyre,DSYRE,DSY
12477,teo-teo-teo,Teo Teo Teo,T30
15210,the-burgers,the burgers
13849,jft,JFT
9508,five-media-clan,FIVE Media Clan,FIVE
11490,murash-gaming,Murash Gaming,MRSH
8258,zeta-gaming,ZETA Gaming,ZETA
10727,stellae-gaming,Stellae Gaming,STE
11491,teamduration,TeamDuration,DRN
5310,fenerbah-e-esports,Fenerbahçe Esports,FB
6387,bleed,BLEED,BLD
2593,fnatic,FNATIC,FNC
104,reject,REJECT,RC
282,scarz,SCARZ,SZ
13995,amamosfranjudas, amamosfranjudas,AMF
5366,action-ph,Action PH,APH
13232,the-glazers,The Glazers,TG
1471,team-raad,Team RA'AD,RAAD
8375,zol-esports,ZOL Esports,ZOL
13910,authority-fate,Authority Fate,FATE
9351,wintermint,Wintermint
6159,onyx-ravens,Onyx Ravens,OXR
13939,brotherhood,Brotherhood
2934,fennel,FENNEL,FL
4519,purpure,PURPURE
8946,zero-tenacity,Zero Tenacity,Z10
12489,metizport,Metizport,MZP
11267,ctrl-esports,CTRL Esports,CTRL
13941,sneaker-daily,Sneaker Daily
15077,mookah-rabbits,Mookah Rabbits,MR
11836,turtle-troop,Turtle Troop,TTR
8342,ajf-e-sports,AJF e-Sports
11002,reta-esports,RETA Esports,RETA
12743,torch,Torch,TOR
15156,vision-esports,Vision Esports,VIS
5441,anonymo-esports,Anonymo Esports,ANM
11882,mixx,MIXX
13848,the-great-escape,The Great Escape
5832,zero-marksmen-black,Zero MarksMen Black,ZMM.B
12053,clique-esports,Clique Esports
1458,the-ultimates,The Ultimates,TU
14107,gornudi,gornudi
363,infinity,INFINITY,INF
13867,yoshi-fan-club,Yoshi Fan Club
283,sengoku-gaming,Sengoku Gaming,SG
10407,kk-kazuki,KK Kazuki,KK.K
361,furious-gaming,Furious Gaming,FG
13041,morjor,MorJor
466,boom-esports,BOOM Esports,BME
1110,alter-ego,Alter Ego,AE
12485,yari-esports,Yari Esports,YARI
11517,veterans,Veterans,VTR
12421,syko,Syko,SYKO
3531,acend,Acend,ACE
5214,cgn-esports,CGN Esports,CGN
8240,team-smg-gc,Team SMG GC,SMG.GC
11250,aex-1,AEX-1,AEX
7099,klanik-esport,Klanik Esport,KE
11176,aym-esports,AYM Esports,AYM
10149,k10,K10
9077,s2g-esports,S2G Esports,S2G
10421,the-who,The Who?,WH
10482,west-virginia-university,West Virginia University,WVU
9613,blinn-esports,Blinn Esports,BC
10400,tim-t-i-tr,Tim Tài Trơ,3T
12373,nerdpunt,NerdPunt,NERD
11997,xit,XIT,XIT
14027,cooked-cats,Cooked Cats
13920,sad-esports,SaD Esports,SAD
11276,rapid-lofi,Rapid Lofi,RLF
1470,nasr-esports,NASR Esports,NASR
10755,galorys,Galorys,GLRS
4616,ucam-esports-club,UCAM Esports Club,UCAM
15118,crims-kittens,Wolf Pack
13633,brasil-2002,Brasil 2002,2002
4762,galakticos,Galakticos,GAL
14424,bobrs-supremacy,bobrs supremacy
14695,lazytown,LAZYTOWN
5448,zeta-division,ZETA DIVISION,ZETA
4733,true-rippers,True Rippers,TRS
14709,ale-valorant,ALE VALORANT
7448,insight-gaming,Insight Gaming,INS
4915,natus-vincere,Natus Vincere,NAVI
9727,koopa-troopas,Koopa Troopas,KTS
17,gen-g,Gen.G,GEN
14,t1,T1
13254,szypko,Szypko
188,cloud9,Cloud9,C9
10417,formulation-gaming,Formulation Gaming,FMG
13075,the-nation,The Nation
4686,fire-flux-esports,Fire Flux Esports,FF
2290,gamax-esports,Gamax Esports,GMX
1184,fut-esports,FUT Esports,FUT
2359,leviat-n,Leviatán,LEV
12097,antic-esports,Antic Esports,ANTC
14809,ninjas-in-galaxy,Ninjas in Galaxy,NG
2059,team-vitality,Team Vitality,VIT
14811,ender,ENDER,END
10725,oxygen-esports,Oxygen Esports,OXG
13815,frequency,frequency
879,todak,Todak,TDK
9427,oxen,OXEN
13188,moist-x-shopify,Moist x Shopify,MxS
14818,serenity-esports,Serenity Esports
14467,sweetnsour,SweetNsour,SNS
12183,new-boss-esports,New Boss Esports,NB
11078,bacos,BACOS
9621,trashcan,trashcan
14642,afrogames,Afrogames,AFG
15021,legacy,Legacy,LGCY
11257,szach-mat,Szach Mat,SHA
15117,hero-base,Hero Base,HERO
14469,jijiehao,JiJieHao,JJH
14558,fenda-dos-streamers,Fenda Dos Streamers,FDS
14958,university-war-gc,University War GC,UW.GC
9507,gamelab-alpha,GameLab Alpha,GLAB
7940,melilla-titans,Melilla Titans,MT
6035,twisted-minds-esports,Twisted Minds Esports,Twis
10402,attacker-clan,Attacker Clan,ATK
7511,kr-blaze,KRÜ BLAZE,KRÜ.B
6751,parla-esports,Parla Esports,PRL
3136,oasis-gaming,Oasis Gaming,OAS
15208,edge,EDGE
14523,requiem,Requiem
11678,rrq-kaguya,RRQ Kaguya,RRQ.K
14773,disguised,Disguised,DSG
11273,3dmax,3DMAX,3D
8369,revenant-esports,Revenant Esports,RVNT
12756,let-us-cook,Let Us Cook,LUC
15289,arena-internet-cafe,Arena Internet Cafe,AIC
14722,mesos-millionaires,mesos millionaires
14159,wooks-academy,Wook's Academy
6779,team-demiral-esports,Team Demiral Esports,M28
14805,orgless,ORGLESS,LESS
7397,xerxia-esports,XERXIA Esports,XIA
10188,valiant,VALIANT,VLNT
14278,shopify-rebellion,Shopify Rebellion,SR
13847,sad-purple,SaD Purple
6985,qor,QoR,QOR
4396,regnum-carya-esports,Regnum Carya Esports,REG
4572,galatasaray-esports,Galatasaray Esports,GS
14444,the-great-gang,The great gang
9814,fuzos,FUZOS,FUZO
8924,ramboot-club,Ramboot Club,RBT
14448,tenjiku,Tenjiku
14479,sk-gaming,SK Gaming,SK
3351,laze,LaZe,LZE
7967,mandatory,Mandatory,MDR
11856,gng-esports,GnG Esports,GnG
5719,exalty,Exalty
15487,lootcifer,Lootcifer
14529,xperion-nxt,Xperion NXT,NXT
15121,fisher-falcons,Fisher Falcons
13557,team-playhard,Team PlayHard,PLD
4538,team-queso,Team Queso,TQ
2755,saw,SAW,SAW
11845,feel-the-wood,Feel the Wood
15300,exo-clan,EXO Clan,EXO
5038,yfp-gaming,YFP Gaming,YFP
6665,team-nkt,Team NKT,NKT
10448,winthrop-university,Winthrop University,WU
4050,full-sense,FULL SENSE,FS
12255,karmine-corp-gc,Karmine Corp GC,KC.GC
4611,team-hz,Team hz
6422,resonate,Resonate,RESO
10408,crit-esports,CRIT Esports,CRT
13390,nextstart-gaming,NextStart Gaming,NSG, 15076
3722,monsters-have-hearts,Monsters Have Hearts,M2H
11653,rock-bottom,Rock Bottom ,RB
14144,yordle-lovers,Yordle Lovers
4569,fraggerz,Fraggerz,FRG
14532,chipi-chipi-chapa-chapa-dubi-dubi-daba-daba-magica,CHIPI CHIPI CHAPA CHAPA DUBI DUBI DABA DABA MAGICA
8925,arf-team,ARF TEAM,ARF
11863,skulls-esports,Skulls Esports,SKUL
9650,landodgers,LANDODGERS
7269,fusion,FUSION,FSN
14752,mabuhay,MABUHAY,MBH
9438,vx300-gaming,VX300 Gaming,VX3
7031,naos,NAOS,NAOS
14533,silly-goobers,Silly Goobers
7682,sdobbies,Sdobbies
12075,top-esports,TOP Esports
13558,howl-esports,HOWL Esports,HOWL
12474,gonext-esports,GoNext Esports,GN
10431,underground-gaming,Underground Gaming,UG
6192,trident-esports,Trident Esports,TRIDENT
4094,six-karma,Six Karma,6K
7969,team-falcons,Team Falcons,FLC
14282,roo,ROO
13836,1millisecond,1Millisecond,1ms
14148,valee-thai-esports,Valee Thai Esports,VLTH
12679,apinaorkesteri,apinaorkesteri,APE
623,sharper-esport,Sharper Esport,SPE
3179,anti-eco-eco-club,Anti Eco Eco Club,AEEC
6456,flyquest-red,FlyQuest RED,FLY.R
11975,permitta-esports,Permitta eSports,PMT
7403,who-cars,who cars?,WHO
1001,team-heretics,Team Heretics,TH
6882,fokus,FOKUS,FKS
624,paper-rex,Paper Rex,PRX
7055,team-liquid-brazil,Team Liquid Brazil,TL
13509,mercury,Mercury
13363,mashallah-mundee,Mashallah Mundee
11274,vikings-fourteen,VIKINGS Fourteen,14VK
756,ehehxd,ehehxd,EHXD
13382,team-mysticx,Team MysticX,TMX
6530,g2-gozen,G2 Gozen,G2.G
14566,fou-clan,fOu Clan,FOU
14568,quartz,QuartZ,QZ
497,attack-all-around,Attack All Around,AAA
878,rex-regum-qeon,Rex Regum Qeon,RRQ
6149,case-esports,Case Esports,CASE
6826,undead-gaming-fem,Undead Gaming Fem,UBK
14196,apac-slayer,APAC Slayer,APAC
14819,carnival-gaming,Carnival Gaming,CG
14470,olimpo,OLIMPO,OLP
13516,legacy-gc,Legacy GC,LGCY
13398,xo-esports,XO Esports,XO
14547,spirit-academy,Spirit Academy,SPRT
13683,sagaz,SAGAZ,SGZ
876,enterprise-esports,Enterprise Esports,EP
581,liberty,Liberty,LBR
4330,fancy-united-esports,Fancy United Esports,FCY
2908,thunderbolts-gaming,Thunderbolts Gaming,TBG
12355,bitfix-gaming,Bitfix Gaming,BFG
11978,geekz-energy-esports,GEEKZ ENERGY eSPORTS
12150,global-esports-phoenix,Global Esports Phoenix,GEX
4671,egn-esports,EGN Esports,EGN
12486,totts-and-friends,Totts And Friends
6200,complexity-gx3,Complexity GX3,COL
12758,vinine,VININE
15120,r8-esports,R8 Esports,R8
8904,orangutan,Orangutan,OGS
12566,nasr-ignite,NASR Ignite,NSR.I
15299,gengibre,GenGibre,GeN
2499,movistar-riders,Movistar Riders,MRS
6750,rebels-gaming,Rebels Gaming,RBLS
14263,mixup,mixup
10294,nexga,NEXGA,NXGA
6193,geekay-esports,Geekay Esports,GK
6235,incognito,Incognito,INCO
7035,koi,KOI
11245,st-clair-saints-academy,St. Clair Saints Academy,SCC.A
12514,solary,Solary,SLY
8044,mouz,MOUZ,MOUZ
14419,giantx,GIANTX,GX
11603,blx-utd,BLX UTD,BLX
10634,triple-esports-club,Triple Esports Club,3E
13278,joker,Joker
1981,dark-passage,Dark Passage,DP
11780,reveal-multigaming,Reveal Multigaming,RV
2304,giants-gaming,Giants Gaming,GIA
3478,pcific-espor,PCIFIC Espor,PCF
1124,red-canids,RED Canids,RED
13679,backoutsideboys,BackOutsideBoys,BOB
11234,mochi-fanclub,Mochi Fanclub,MFC
14691,vnd-esports,VND ESPORTS
14692,dxa-esports,DXA Esports
12270,thank-you,THANK YOU
13864,team-eclipxe,Team Eclipxe
9911,kit-sc-esports,KIT SC eSports,KIT
3956,2l8,2L8
8571,cognizant,Cognizant
10094,gmt-esports,GMT Esports,GMT
15119,giantx-gc,GIANTX GC,GX.GC
15206,t20,T20
15205,gates-of-heaven,Gates of Heaven
11594,empty-org,Empty org
14947,explo-team,Explo Team
8030,mlt-esports,MLT Esports,MLT
15061,bnb,BNB
10393,meow-meow,meow meow
13821,nottingham-miedo,Nottingham Miedo,NOTT
14468,contractless,Contractless,CTLS
14765,the-zoo,THE ZOO
1033,reckoning-esports,Reckoning Esports,RGES
14364,six-figures,Six Figures
918,global-esports,Global Esports,GE
12629,the-a-team,The A Team,TAT
14442,frogstars,FroGstars
9133,hakuba-esports,HAKUBA Esports,HKB
13424,team-sarafa,Team Sarafa,TS
14565,sherpa,SHERPA,SRP
3050,hub-esport,Hub Esport
6368,bbl-queens,BBL Queens,BBL.Q
14764,celerity-esports,Celerity eSports
15251,meow-control,meow control
12446,slt-seongnam,SLT Seongnam,SLT
12855,wizard-esports,Wizard Esports,WIZ
4131,f9-hetic,F9 Hetic,F9
14683,infernum,Infernum
3895,macko-esports,Macko Esports,MCK
14281,arcade-esports,Arcade Esports,ARC
14823,xanax-abusers,Xanax Abusers 
10305,club-penguin,club penguin
13863,estio-esports,Estio eSports,EST
14822,thinking-men,Thinking Men,THNK
14261,glip,glip
8996,esc-gaming,ESC Gaming,ESC
12380,rambutan-ni-tatay,Rambutan ni Tatay,RNT
11058,g2-esports,G2 Esports,G2
15348,prospects,Prospects
11260,armani-briefs,armani briefs
12781,last-resistance,Last Resistance,LR
12958,sila4i,Sila4i,S4
15469,hans-landa-supremacy,Hans Landa supremacy
14546,mqb-friends,MQB friends,MQB
14283,dumbfox,DumbFox,DFX
8674,rebels-velvet,Rebels Velvet,RBLS
13161,novo-esports,NOVO Esports,NOVO
4685,team-occupy,Team Occupy,OPY
910,exceeli-esports,Exceeli Esports,XLE
14092,tokyo-drift,tokyo drift,TKY
2362,skull-cracker,Skull Cracker,SKC
6210,fut-female,FUT Female,FUT.Fe
15201,bankstown-goons,BANKSTOWN GOONS
11896,19esports,19esports,19
6946,tbk-esports,TBK Esports,TBK
12211,capybara,Capybara,CAP
12875,lrv-esports,LRV Esports,LRV
6642,bleakmidwinter,BleakMidWinter,BMW
14776,elite-gaming,Elite Gaming,ELG
12108,explorers,Explorers
9437,dragons,DRAGONS,DRGN
4073,bandit-esc,Bandit ESC,BNDT
6537,hmble,HMBLE,HMB
14425,ffxd,FFXD
15216,rub-n-pug,Rub n' Pug,RNP
10332,next-in-line,Next In Line,NiL
12254,aster-army,Aster Army,ASTR
11263,unsigned-puggers,Unsigned Puggers
8128,wylde,WYLDE,WYL
12653,insanity,insanity
14689,indian-greed,Peace & Love
12463,veni-esports,Veni eSports,VENI
12124,dylynyosok,dylynyosok
9447,the-union,The Union,UNI
6400,human-tripwires,Human Tripwires,HTW
11348,dplus-esports,Dplus Esports,DK
5829,team-mystic,Team Mystic,TM
4210,made-in-thailand,Made in Thailand,MITH
8433,orangutan-x,Orangutan X,OGX
15166,megazord-71, MEGAZORD 71,MEGA
11357,dead-orbit,Dead Orbit
14517,titan-g,Titan G
14516,kibbets-jibbles,Kibbets Jibbles
12427,btr-fanclub,BTR Fanclub,BTR
14537,baiters,Baiters
14277,team-flash,Team Flash,FPT
11963,ambrosia,Ambrosia,AMB
14435,vultures,Vultures
13979,special-grade,special grade
14541,carpe-diem,Carpe Diem
13595,suicide-squad,Suicide Squad
8185,drx,DRX
11232,joblife,Joblife,JL
14478,eintracht-frankfurt,Eintracht Frankfurt,SGE
6199,team-secret,Team Secret,TS
9547,evil-geniuses-gc,Evil Geniuses GC,EG.GC
14654,jumentus,JUMENTUS,JUM
13659,wingman-patrol,Wingman Patrol,WPT
2406,furia,FURIA,FUR
14149,ender-dragon,ENDER DRAGON,END
516,fav-gaming,FAV gaming,FAV
13797,hurricane-of-feathers,Hurricane Of Feathers,HOF
14799,please-dont-fire,Please Don't Fire,PDF
1034,nrg-esports,NRG Esports,NRG
397,bbl-esports,BBL Esports,BBL
14941,xsoul,XSOUL,XS
14418,no-salary-peek,No Salary Peek,NSP
15010,monaco-esports,Monaco Esports,MNC
12473,tbd,TBD
8106,gelida-esports,Gelida Esports,GD
13219,evilchile,EVILCHILE
7243,b8-esports,B8 Esports,B8
9559,zerance,Zerance,ZER
14590,lfg-portal,LFG Portal,LFG
474,team-liquid,Team Liquid,TL
14660,burgerville,Burgerville
12694,gentle-mates,Gentle Mates,M8
12354,team-legion,Team Legion
8340,unb-green-owls,UNB Green Owls
9965,genkei-esports,GENKEI Esports
364,all-knights,All Knights,AK
2988,northeption,NORTHEPTION,NTH
11237,duplaw,duplaw
14677,esports-team-d,esports team αD,αD
15072,2game-esports,2Game Esports,2G
13714,abomineve,ABOMINEVE,ABO
13830,rtzn,RTZN,RTZN
8532,totalepro,TotalePRO,TOT
12644,os-cara-cego,OS CARA CEGO
7015,sunnybeach,SunnyBeach
13690,variants,Variants,VTS
367,9z-team,9z Team,9z
6195,team-galaga,Team Galaga,GG
12760,2easy,2easy
14707,rattius-maximus-ow,Rattius Maximus OW
14694,ace-esports,ACE Esports,ACE
14708,demise,Demise
13647,whythelongface,WhyTheLongFace
13646,ucan-esports,UCAN ESPORTS
8172,honv-d-esport,Honvéd Esport,LLH
14626,ghost-charming,Ghost Charming
120,100-thieves,100 Thieves,100T
723,wild-esports,Wild esports
15054,thebais,TheBAIS,BAIS
10735,tropicaos,TropiCaos,CAOS
8305,team-snakes,Team Snakes,SNK
14204,kami-tenchi,KAMI TENCHI,KAMI
11480,mammoth-esc,Mammoth ESC,MEC
11152,outplayed,Outplayed,OP
14429,chipi-chapas,Chipi Chapa's,CHCH
7039,stream-raiders-nacague,Stream Raiders Nacague,NCG
4567,papara-supermassive,Papara SuperMassive,SUP
106,tsm,TSM
3108,oblivion-force,Oblivion Force,OF
14474,rezahblicky,Rezahblicky
1319,funcrew,Funcrew,FC
14616,barn-nong-chok,Barn nong chok,BNC
278,detonation-focusme,DetonatioN FocusMe,DFM
14110,mara-esport,Mara Esport
6675,the-guard,The Guard,TGRD
11275,lazy,LAZY
13561,ranked-demons,RANKED DEMONS
14473,8-hours-of-sleep,8 hours of sleep
11329,oresports,OREsports,OR
15052,justus,JustUs,JST
14686,xu-gang-sapphire,Xu Gang Sapphire,XGS
15057,insurgo-alpha,Insurgo Alpha
14994,les-piments,les piments
15223,unsw-howl,UNSW Howl
8067,begenius,beGenius,BGN
10204,hazarders,HAZARDERS
5426,the-infinity-esport,The Infinity Esport,INFN
13666,stg-gaming,STG Gaming
15068,bulate,Bulate
8049,diamant-esports,Diamant Esports,DIA
14076,aquila,Aquila,AQL
12362,simple-minecraft-players,Simple Minecraft Players
14750,devilz-gg,Devilz GG,DVG
14772,team-domination,Team Domination
13043,neons,Neons,NE
14557,os-piticos,os piticos,OPI
4680,team-69,Team 69,T69
6961,loud,LOUD,LOUD
7313,bonkers,Bonkers,BONK
7211,rapid-ninjas,Rapid Ninjas,RN
10277,boost-esport,Boost Esport
14550,xenom-com-m,Xenom com M,XEN
13764,ggez,GGEZ,GGEZ
5248,evil-geniuses,Evil Geniuses,EG
14273,eternal-focus,Eternal Focus
10892,hog-riders,HOG RIDERS,HOG
13826,k20-esports,K20 Esports
13135,xoxo-esports,XOXO Esports
10635,nobles,NOBLES,NBL
9545,unity-esports,Unity Esports,UNT
10898,sk-l-esports,Skål Esports
12853,rotaryon,Rotaryon
14382,vexed-dev,Vexed.dev,VEX.D
12256,akroma,Akroma,AKR
4141,wlgaming-esports,WLGaming Esports,WLG
5931,team-big-baam,Team Big BAAM,BAAM
14662,1337,1337
6191,nom-esports,NOM Esports,NOM
11673,calamity-l,calamity L
11972,colors-esport,Colors Esport
14318,dvm-esport,DVM Esport,DVM
14833,blue-rose,Blue Rose
11056,fate-esports,FATE Esports,FATE
13689,andy-e-amigos,Andy e Amigos,AEA
15580,noodlesoupwarriors,NoodleSoupWarriors
11529,puggers,Puggers,PUG
13650,family,FAMILY,FMLY
14510,e-wolves,E-WOLVES
12041,moist-moguls,Moist Moguls,MxM
13291,breakthru-gc,BreakThru GC,BRK.GC
15019,original-gaming,Original Gaming
13870,entropolo,Entropolo
15302,moop-em,moop em
14536,irregulars,Irregulars
4699,skelp-esports,Skelp Esports
9868,alien-anonymo,Alien Anonymo,ANM
8086,maru-gaming,Maru Gaming,MARU
11455,van-lyn,Van Lyn ,VLYN
11001,m80,M80
8573,case-hydra,Case Hydra,Case
14210,ataque-aereo,ATAQUE AEREO,ATA
11909,peito-infinity,Peito Infinity
11689,noot-noot,noot noot,NOOT
13904,mega-fake,MEGa fake,MEG
8877,karmine-corp,Karmine Corp,KC
9314,team-falcons-vega,Team Falcons Vega,FLCV
14615,kaijyu,KaiJyu
6313,kpi-gaming,KPI Gaming,KPI
11976,kaizen,Kaizen
13163,megazord,MEGAZORD
724,e-xolos-lazer,E-Xolos LAZER,EXL
15250,burger-boyz,Burger Boyz
13173,ginger-supremacy,Ginger Supremacy
2131,chivas-esports,Chivas Esports,CHV
12702,the-whole-zoo,The Whole Zoo
5644,panthers-esports,Panthers Esports,PNT
8147,focus-e-sports,Focus e-Sports,FCS
11707,gwangju-shadow,Gwangju Shadow,GJS
13823,gear-5,Gear 5
13796,aros,AROS
12597,dusk,DUSK
10295,team-path,Team Path,PATH
7386,mibr,MIBR
14617,xgodnumberone,XGODNUMBERONE
622,thailand-attitude,Thailand Attitude,THA
12448,al-mooryaat-esports-club,AL MOORYAAT ESPORTS CLUB,ALM
14443,kobass,kobass
14433,baltic-boys,Baltic boys
14807,rage-spell,RAGE SPELL
11675,mvp-esports,MVP Esports,MVPE
11479,apeks,Apeks,APK
2785,tamu-maroon,TAMU Maroon,TAMU
13225,lions,LIONS
13780,the-boys,The Boys
15174,blindoholik,BLINDOHOLIK
14766,o7-esports,o7 Esports
14439,just-push,JUST PUSH
10595,diutu,DiuTu,DT
13262,l2w-esports,L2W Esports
13635,eco-ch-lks,eco chálks
13977,valhalla,Valhalla,VAL
14767,consolidate-gaming,Consolidate Gaming
11518,mekong-gaming,Mekong Gaming,MKG
1594,team-majesty,Team Majesty,MJY
14935,joseo-insano,Joseo Insano
12044,jenerators,Jenerators,JNR
5091,rizon,RIZON,RZN
14512,azure,Azure
14688,xu-gang,Xu Gang,XG
12650,noite-paulista,NOITE PAULISTA
13354,major-issue,Major Issue
13872,ghost-riders,Ghost Riders
12478,coalesce,Coalesce,CLS
8829,comet-esports-club,Comet Esports Club
15486,sos-affenalarm,SOS Affenalarm
14369,flame-hard,Flame Hard,FH
11293,dominatus,Dominatus,DOM
337,faze-clan,FaZe Clan,FaZe
14115,500xgeldi,500xgeldi
11177,falcons,Falcons,FAL
277,crazy-raccoon,Crazy Raccoon,CR
14614,happy-game-esport,Happy Game Esport,HGE
13918,arca-do-marlow,Arca do Marlow,ADM
13224,nxt,NXT
9767,dragonslayerzzz,Dragonslayerzzz,DRAG
2,sentinels,Sentinels,SEN
13394,fog-esport,FOG ESPORT
13504,bad-sad-and-mad,BAD SAD AND MAD
14366,zerozen,ZeroZen
14370,champions-2024,Champions 2024
11883,cardume,Cardume
14525,bratan-mix,BRATAN MIX
12949,reh-gaming,REH Gaming
8741,blitz-esports,Blitz Esports,BZE
15591,uk-droids,UK droids
13795,ftw-le-a-fc-esports,FTW Leça FC Esports,FXL
8471,omnipotent-gaming,Omnipotent Gaming
14519,anita-max-wynn,Anita Max Wynn
15590,vennegjengen,Vennegjengen
4894,keyd-stars,Keyd Stars,VKS
15266,krysme-e-amigas,Krysme e Amigas
14629,tumt-shark,TUMT Shark
15202,gurrrreeeetings,GURRRREEEETINGS
13678,there-is-no-tomorrow,There is no tomorrow,TNT
15212,dingle-googy-and-friends,DINGLE GOOGY and friends
14814,future-greats,Future Greats
14706,severu2,Severu2
14432,team-what-the-f,Team What the f
14430,demury1,DEMURY1
12791,alienshooters,ALIENSHOOTERS
10356,aim-ph,AIM PH,AIM
12701,voicesareback,VOICESAREBACK
14125,sogbox,SOGBOX
14048,boomba-rosa,BOOMBA ROSA,ROSA
14737,valiant-gc,VALIANT GC,VLNT
14634,pei-wan-e-sports,PEI WAN E-SPORTS,PWE
1120,edward-gaming,EDward Gaming,EDG
9070,ghr-e-sports,GHR E-Sports,GHR
14636,yuanyoyin,yuanyoyin,YYY
2355,kr-esports,KRÜ Esports,KRÜ
13174,houdini,houdini
8050,mibr-gc,MIBR GC
14274,ruddy,Ruddy,RUD
12285,re-vast,Re:Vast
14763,the-covenant,The Covenant
13866,hanma,Hanma
11829,esports-cologne,eSports Cologne,ECO
8494,jns-gaming,JNS Gaming
14771,black-flag,Black Flag,OBF
9425,leviat-n-academy,Leviatán Academy,LEV.A
9163,cleiteam,Cleiteam,CLT
15227,after-life-esports,After Life Esports,ALE
13177,red-eye,Red Eye,RDY
11947,next-gen,Next Gen,NXG
15074,xld-gaming,XLD Gaming,XLD
14461,bar-a-esports,Barça eSports,BAR
10307,built-for-greatness,Built For Greatness,BFG
6869,igzist,IGZIST,IGZ
4958,oddik,ODDIK,ODK
11318,sendtreepay,SendTreePay,STPL
6263,guild-gc,Guild GC,GLD.GC
8448,bobo,BOBO
14452,pifpaf,PifPaf
15222,parallax,Parallax
7695,ebro-gaming,EBRO Gaming,EBG
12359,dog-nation,Dog Nation
15198,we-dont-play-anymore,WE DONT PLAY ANYMORE
8947,fraude,FRAUDE
15506,tropa-do-a,Tropa do A,TDA
6316,anorthosis-famagusta-esports,Anorthosis Famagusta Esports,ANO
14754,the-hero,THE HERO,THE
13783,vcl-rejects,VCL Rejects
13697,unity-brasil,Unity Brasil,UNT
13786,qvg-esports,qvG eSports
11247,sbg,SBG,SBG
13636,harrisburg-university,Harrisburg University,HU
12227,salamaleiko,Salamaleiko
12767,full-sense-sapphire,FULL SENSE SAPPHIRE,FSS
12751,full-house,Full House,FH
13773,mcrp-ultras,MCRP Ultras
11262,laterious,Laterious,LTS
11135,guangzhou-long-lionz,Guangzhou Long Lionz,GZL
9393,crewx,CrewX
8304,talon-esports,Talon Esports,TLN
2408,heet,HEET,HEET
15253,focusgg,FOCUSGG,FOC
14544,tribo,TRIBO,TRI
7932,onlyfins,OnlyFins,OF
14716,sad-gc,SaD GC
13763,hyderabad-hydras,Hyderabad Hydras,HH
13423,sk-l-vendetta,SKÅL Vendetta,SVN
8182,incheon-on-sla2ers,Incheon On Sla2ers,ONS
13808,attacking-soul-esports-ovo,Attacking Soul Esports OvO,ASEO
14434,hopers,hopers
13855,nyan-esports,NYAN ESPORTS
10298,xyz,xyz
11229,varrel,VARREL,VL
13164,chao-hui-edward-gaming,Chao Hui EDward Gaming,EDGS
14035,battle-bit-legends,Battle Bit Legends
6132,stanbul-wildcats,İstanbul Wildcats,IW
13395,kratos-esports,Kratos Esports,KA
13522,desperados,Desperados
14476,elevate,ELEVATE,ELV
8422,hike-digital-esports,Hike Digital Esports,HDE
9408,natus-vincere-celestials,Natus Vincere Celestials,NAVI.C
11238,twokay,TwoKay,2K
13768,mibh,MiBH
12814,plug,PLUG
14385,kimchi-fried-rice,Kimchi Fried Rice
14646,fps-players,FPS Players,FPS
15586,esports-organisation,Esports Organisation
12769,lifes-a-game,Life's a Game,LAG
1412,95x-esports,95x Esports,95x
12834,origami-team,Origami Team,ORT
15353,lag-yellow,LAG Yellow
11973,yes-im-here,Yes I'm here
8614,mizzou-esports,Mizzou Esports,MIZ
11060,nongshim-redforce,Nongshim RedForce,NS
14152,was,WaS
14010,tryingourbest,tryingourbest,TOB
14007,crocodile-tears,Crocodile Tears,TEAR
15305,astane,ASTANE
11328,funplus-phoenix,FunPlus Phoenix,FPX
14693,swingers,Swingers
15296,os-cara-cego-2-0,OS CARA CEGO 2.0,ASDF
14114,xxl,XXL
13774,tech-fleece-troopers,Tech Fleece Troopers
11249,tmu-blue,TMU Blue,TMU.B
11880,franatic,FRANATIC
14599,iam,IAM,IAM
11500,eels,EELs
15027,full-box-200,FULL BOX 200
14440,mrvzt,MRVZT
12092,mix,MIX
7355,rd-e-sports,RD E-SPORTS
15604,homebois,HomeBois,HB
1485,aricat-esport-family,Aricat Esport Family,ARC
10598,utt-esports,UTT Esports,UTT
15488,kanka-aim,Kanka Aim
11201,version1,Version1,V1
6981,turgutlu-belediyesi-esports,Turgutlu Belediyesi Esports,TES
13594,bequiet,BeQuiet,BQ
15221,corn-dawgs,Corn Dawgs,CD
15495,ionized-esports,Ionized Esports
7539,dobeg,Dobeg,DBG
12104,ex-hehe,ex-HEHE
12854,simia-esports,SIMIA Esports
15197,ipgn,iPGN
12515,flymore,FLYMORE
13606,kokot,kokot
14423,last-dance,last dance
10762,intense-game,Intense Game,IG
8929,hungkuang-falcon,Hungkuang Falcon,HKUF
14647,saideira-esports,SAIDEIRA ESPORTS,SES
13233,karmas-fantasy-team,Karma's Fantasy Team
15298,lanchonete-do-gerso,lanchonete do gerso,LDG
3437,dewa-united-esports,Dewa United Esports,DEWA
15020,h-c-vi-n-96,Học Viện 96
13239,707,707
14438,0losestreak,0LoseStreak
14363,hsmix,HSMIX
14598,theneverlast-esports,TheNeverLast Esports
14711,geek-fam,Geek Fam,GEEK
12794,tamaria-altunga-esports,Tamaria Altunga Esports,TAE
14451,weneedsmoneyyyy,weneedsmoneyyyy
14538,kopfshootaz,KOPFSHOOTAZ
8264,nearest-airport,Nearest Airport,NA
10730,top-gun,TOP GUN,TOP
12696,vorious-team,VoriouS TEAM
13785,fokus-friends,FOKUS & Friends
14829,ryze-esports,RyZe Esports 
15016,t-n-d-esports,Tàn Dư Esports,TDE
11256,demury,DEMURY
10190,les-petits-bouffons,Les Petits Bouffons,LPB
10592,roa-esport,ROA Esport,ROA
15011,together-we-are-terrific,Together We Are Terrific,TWT
14795,anita-max-wynn,Anita Max Wynn
10639,sunxet-club-fem,SunXet Club Fem,SNX.F
13505,mbu-spartans,MBU Spartans,MOBAP
2112,x10-esports,X10 Esports,X10
14697,hgiya-confederate,HGIYA confederate
14417,rnkko-esports,RNKKO Esports
13968,unico,UNICO
5982,looters-club-esports,Looters Club Esports,LC
12418,never-give-up,Never Give Up,NGUP
15087,truly-humble-under-god,Truly Humble Under God
12417,cqex,CQEX
799,velocity-gaming,Velocity Gaming,VLTG
14540,m-nner-wie-wir,MÄNNER WIE WIR
14427,yara-mi-lala,yara mi lala
14328,wadi,Wadi
15537,country-side-hickory-smoked-barbeque-ranch,COUNTRY SIDE HICKORY SMOKED BARBEQUE RANCH
12892,all-aim,All Aim
11895,globant-emerald-team,Globant Emerald Team,GET
12375,looking-for-sponsors,Looking for Sponsors,LFS
11195,00nation,00Nation,00
10888,high-profile,High Profile,HP
15493,vanir-seid,Vanir Seid
14586,cga,CGA
13586,badua-lipa,Badua LIpa,BLI
15176,1st-megasaver,1st MegaSaver,1MS
14704,team-velocity,Team Velocity
14740,5-clown,5 Clown,CLWN
14775,paragon,Paragon
13425,grannys-knockers,Grannys Knockers,GK
13925,odd-plan,ODD PLAN
2369,entropy,Entropy,EYG
15050,no-org,No Org
15075,moroccan-united,Moroccan United
13832,salamaleico,SALAMALEICO,SLC
13643,project-hive,Project HIVE
13615,fathers-back,Father's Back,FB
15073,co-op-gg,CO-OP.gg,COOP
12792,tdk,TDK
13411,predator-x-gaming,Predator X Gaming
9412,shaolin,Shaolin
15064,kng-empire,KNG EMPIRE
2472,akuma-esports-black,Akuma Esports Black,AKM
12704,touch-some-grass,Touch Some Grass
14699,barackobamapizza,BarackObamaPizza
6085,3bl-esports,3BL Esports,3BL
14690,light-work,Light work
15207,in-a-call-for-work,in a call for work
14637,jyg,JYG
10804,unlp-esports,UNLP Esports
15521,noorg9,NoOrg9,NO9
12852,kindergarten-children,Kindergarten children
14392,mommy-gs,Mommy G's
13806,devilish-grin,DeviLish Grin,DLG
12107,illusive,Illusive
12378,boss-g-kdm,Boss G KDM,KDM
12409,gang-gang-gang,Gang Gang Gang
15260,edge-gaming,Edge Gaming 
13770,5stars-esport,5STARS Esport
14524,oasis-verde,Oasis Verde
13686,salseiro,SALSEIRO,SAL
14724,paw-pals,Paw Pals,PAW
10700,abaddon-abyss,Abaddon Abyss,ABA
13226,odd-1-out,Odd 1 OUT,O1O
12475,ucf-gold,UCF Gold,UCF.G
14649,the-last-dance,the last dance¹,TLD
14650,black-hole-sun,black hole sun,BHS
14480,uhka-esports,UHKA Esports,UHKA
12339,kingslayers,KingSlayers
13940,t-i-n-ng-tr,Tài Năng Trẻ
12645,tropinha-9-0,Tropinha 9.0
13994,putz-nerd-12345,putz nerd 12345,PTN
13754,team-nvus,Team NVus,NVS
12391,team-ogs,Team OGS,TOGS
15199,chromies-womies,Chromie's Womies
11571,gamecoach-academy,GameCoach Academy,GC.A
13784,rejects,Rejects
15143,nekoma-team,NEKOMA TEAM,NKM
14548,carecas-e-calvos,Carecas e Calvos,CEC
15467,ko3aku,KO3AKU
14701,velcora-chimera,Velcora Chimera
14242,indonesia-pacific,Indonesia Pacific
14331,second-change,Second Change
14604,van-dijk-fan-club,Van Dijk Fan Club,VD.FC
14412,hamburger-jungs,Hamburger Jungs
12297,enigma-vortex,ENIGMA VORTEX
14551,tropa-do-avan-o,Tropa do avanço,TDA
13980,of-uh-uh,of uh uh
15539,tootsie-pops,Tootsie Pop's
12126,the-squad,The Squad
12955,xtrem,XTREM
9042,teamorangegaming,TeamOrangeGaming,TOG
15000,awaken,AWAKEN
14623,faq,FAQ
13589,ghools-esports,Ghools Esports,GLS
13605,t-e-a-m,T.E.A.M
7413,firepower,FiRePOWER,FIRE
6397,five-ace-esports,Five Ace Esports,FA
13370,asmodeus-colosseum,Asmodeus Colosseum,ACE
15107,the-anime-squad,The Anime Squad
12397,no-no-no,No No No
11709,illicit,ILLICIT,IL
6793,jadeite,Jadeite,JDT
13745,mindcontrol,MINDCONTROL
12624,kpi-shine,KPI Shine,KPI.S
14153,spacegliders,SPACEGLIDERS
14531,swift-gaming,Swift Gaming
14271,first-class,First Class
11304,hero-zero-anubis,Hero Zero ANUBIS,HZE.A
12259,akumu,Akumu,AK
9071,evoplay,EVOPLAY
15524,gerson-lanches,Gerson Lanches,GER
7312,honey-badgers,HONEY BADGERS,HB
9212,team-revenge,Team Revenge,TR
11128,mcom-special-forces,MCOM Special Forces,MSF
13974,hatemania,hateMania
12261,inf-esports,INF Esports,INF
14705,divine-five,Divine Five
14837,sussy-players,sussy players
14993,luxoria,Luxoria
14768,mogo-esports,Mogo eSports
12688,zen-esports,Zen Esports,ZEN
11585,00nation-fem,00Nation Fem,00.Fem
13503,mugi,Mugi
14698,dreams-to-legends,Dreams To Legends,DTL
12771,team-resilience,Team Resilience
10580,boise-state-university,Boise State University,BSU
9966,vamonos,VAMONOS,VAM
9353,shopify-rebellion,Shopify Rebellion,SR
13531,dsyre-gc,DSYRE GC,DSY.GC
14492,bristol-bagres,bristol bagres
1558,john-howard,John Howard,JH
12006,wombo-combo,Wombo Combo
14151,onlinegods,onlineGODS
9683,hasbygang,HASBYGANG
15347,cant-help-you-with-that,Can't Help You With That
15470,fullfocusss,FullFocusss
13599,cicadas-gaming,Cicadas Gaming,CG
12517,lodi-dodi,Lodi Dodi
12670,expectasians,Expectasians
2814,bigetron-arctic,Bigetron Arctic,BTR
11593,xoxo-01,XOXO-01
13501,nuclear-gc,Nuclear GC,NC.GC
15285,renegadas,Renegadas
8237,rqs-esports,RQS Esports,RQS
13975,mental-hospital,Mental Hospital
11602,mad-lions,MAD Lions,MAD
14211,without-org, without org,WORG
13439,project-z,PROJECT Z,PROZ
12192,loud-gc,LOUD GC,LOUD.GC
11171,medusa,MEDUSA
362,rebirth-esports,Rebirth Esports,RBT
15232,culturized,Culturized
15295,xerecrazy,xerecrazy,XERE
13187,team-remah-roti,Team Remah Roti
8535,salt-n-pepper,Salt n Pepper,SnP
12010,bilibili-gaming,Bilibili Gaming,BLG
14758,dark-genesis,DARK GENESIS
10717,chicago-empyre,Chicago Empyre,EMP
14625,the-stronger,The Stronger
5601,nightblood-gaming,Nightblood Gaming,NBG
12944,trenbolone,trenbolone
7744,untapped,UNtapped
14803,knightsnotnoobz,KnightsNotNoobz
11277,kuzu-esports,Kuzu Esports,KUZU
8099,cnj-esports,CNJ Esports,CNJ
15518,usdojob,usdojob,UDJ
13176,revsol-esports,RevSol Esports,RS
15418,wild-ninjas,Wild Ninjas
13518,gods-plan,GOD'S PLAN
14938,warning,Warning!
14339,vision-esports,Vision Esports
11309,le-crapaud,Le Crapaud,LCR
685,hsdirr,HSDIRR,HSD
13057,valkyrie,Valkyrie
14511,mania,Mania
15015,kobiet,KOBIET,KOBI
15159,novita,NOVITA
14428,piyana-vishnya,Piyana Vishnya
14005,pundamonium,PUNDAMONIUM,PDM
9285,9z-team-gc,9z Team GC,9z.GC
3180,ghost-commandos,Ghost CommandoS,GCS
10359,ottawa-braves,Ottawa Braves,OU
9820,oxuji,Oxuji,OXJ
14036,plusvibe,plusvibe
14777,largados-e-baitados,Largados e Baitados,LEB
12990,tatzukigokill,TatzukiGoKill
15496,taperflex,TaperFlex
12969,drop-outs,Drop Outs
15226,overheat,Overheat
13169,triangle,triangle
13277,lemonade-stand,Lemonade Stand
13804,tyloo-gc,TYLOO GC,TYL.GC
15245,the-hideout,the hideout
14825,lucky-7,Lucky 7
10933,ultimate,ULTIMATE,ULT
13610,minions,MINIONS
13681,fisher-ultra,Fisher Ultra,FISH.U
11240,equizers,eQuizers,EQZ
14710,visionz,VisionZ,VZ
11999,capybara-huggers,Capybara Huggers
10213,bratan-mix,BRATAN MIX
11197,disguised,Disguised,DSG
13393,slaughtergang,Slaughtergang
12460,lyost,Lyost
15209,fishy-fraggers,FISHY FRAGGERS
13798,vasco-da-gama,VASCO DA GAMA
14761,alternate-realities,Alternate Realities,AR
14391,friendstolovers,FriendsToLovers
9904,scythe-of-seraph,Scythe Of Seraph
13868,dg,DG
14522,life-purpose,Life Purpose
14563,time-do-saruh-fregus,Time do Saruh Fregus,TDS
13871,calllamas,caLLLamas
13696,skorelobusiness,skorelobusiness,SKOR
14445,lph,LPH
14509,overheat,Overheat
15063,mga-tito-mo-to,Mga Tito Mo To
15451,nigeria-96,NIGERIA 96,N96
15014,snowfox-esports,SnowFox Esports
12689,universitario-esports,Universitario Esports,U
10147,gods-reign,Gods Reign,GDR
13721,sublime-team,SUBLIME TEAM,SUB
13052,point-of-authority-blossom,Point of Authority Blossom,PAB
10467,fisher-tea-party,Fisher Tea Party,FCTP
11890,smoke-troop,Smoke Troop
3490,lp33,LP33,LP33
13746,derreks-dawgs,Derrek's Dawgs,DD
548,wygers,Wygers,WYG
13240,cmon-bruh-cmon,cmon bruh cmon
14003,quickie-power,Quickie Power
13685,kannariopopcorn,KannarioPopcorn,KP
11772,hummer-esports,HUMMER Esports,HMMR
14371,19rr,-19RR
15301,the-barbie-girls,The Barbie Girls
13362,srn-pk,SRN PK,SRN
14712,loafing-cats,Loafing Cats
12965,oblivionxc,OblivionXC
14653,corinthians-elite-gaming,Corinthians Elite Gaming,CEG
9284,acend-rising,Acend Rising,ACE
14696,yifang-gang,YIFANG GANG
7655,agropesca-jacare,Agropesca Jacare
10533,northwood-university,Northwood University,NW
13803,agtang-bahog-singot,Agtang Bahog Singot,ABS
2354,optix,Optix,MOX
14481,vanir,Vanir,VNR
4239,bursaespor,BursaEspor
13978,ivy-league-gaming,Ivy League Gaming,IVY
11648,rose,ROSE
14132,garuda,GARUDA,GRD
13593,underground-academy,Underground Academy
12782,team-endavant,Team Endavant
13801,dreams-to-legends,Dreams To Legends,DTL
13716,wellington-rato,WELLINGTON RATO,WTR
11708,op-gg-sports,OP.GG SPORTS,OPGG
14449,sutlu-yumurta,sutlu yumurta
10866,narodni-garda,NARODNI GARDA,NG
14608,jai-jhakan,Jai Jhakan
12019,the-grid,The Grid,GRID
11072,enemi3s,ENEMI3S
14205,dieversity-esports,Dieversity Esports,DIE
8322,optix-fem,Optix Fem,MOX
12007,qor-gc,QoR GC,QoR.GC
14651,n-is-n-o-migo,NÓIS NÃO É MIGO,MIGO
10182,final-form,Final Form ,FFE
14652,os-pitbull-do-mangue,OS PITBULL DO MANGUE,PDM
15062,no-luck-pure-skill,NO LUCK PURE SKILL
15066,extinguish,EXTINGUISH
13189,nev,NEV
14106,thekak,TheKak
13054,savage,SAVAGE
14518,brx,brx
14041,carameloo,carameloo,CARA
15599,chingu,Chingu,CHI
10891,vapour-esports,Vapour Esports
14782,pump,pump,pump
13249,anani-sik,ANANI SIK
10479,fisher-navy,Fisher Navy,FCN
14576,reliance,ReliaNcE,RNE
294,crest-gaming-zst,CREST GAMING Zst,CGZ
13997,phineas-e-ferb,PHINEAS E FERB
4523,semxorah-gaming,semXorah Gaming,SXG
12553,lashatemicantar,Lashatemicantar
13713,o-projeto,O PROJETO,PRO
9679,wtp,WTP
14057,rtemis-team,Ártemis Team,ART
14437,hmm,Hmm
13782,uwu-slayer,UwU Slayer
12381,triads,Triads,TRI
12881,gaming-up,Gaming Up,GUP
14161,zekken-and-friends,zekken and friends
12438,ydz-blue,YDZ Blue,YDZ.B
13111,superseriousgaming,SuperSeriousGaming
14543,fofoletes,FOFOLETES,FOFO
14545,xaprala,xaprala,xap
10351,vipers-clan,Vipers Clan,VPRS
11180,tourna-tourna-lang,Tourna Tourna Lang,TTL
13665,clinically-insane,Clinically Insane
15211,prodigies,Prodigies
13627,mercury-pink,Mercury Pink
13494,berzerkers-night,Berzerkers Night,BZK.N
12948,onliners,ONLINERS
13342,scythe-nwj,SCYTHE NWJ,NWJ
9348,mad-science,Mad Science,MAD.SC
12803,purpose-gaming,Purpose Gaming
14602,return,ReturN
11311,mxb-xt-vietnam,MXB XT Vietnam,MXB.VN
13372,quiet-esports,Quiet eSports
14554,sen-sacy-e-amigos,sen sacy e amigos,SACY
9436,emasters,eMasters,EMS
14389,de-champ-esports,De Champ Esports
15579,final-form,Final Form
12652,timberknick,timberknick
13364,dupg-esports,Dupg Esports
15203,disorder,Disorder
11539,blater,Blater
14502,eternals,Eternals
15219,neural-esports,Neural Esports
13802,virtual-grounds-esports,Virtual Grounds Esports,VGE
8151,system-e-sports,SYSTEM e-Sports,SYS
9315,zeta-division-gc,ZETA DIVISION GC,ZETA.GC
12677,cba,CBA
14663,cookin-papas,Cookin Papas
14504,rey-esports,REY eSports,REY
14336,veers-kittens,Veer's Kittens
14826,ions-day-care,Ions Day Care
14199,bigg-motley,BIGG Motley,BIGG.M
8485,prime-5,prime 5,p5
13511,imperium-vancuverii,ImPerium Vancuverii
14488,arma-dominium,Arma Dominium
14213,new-generation,New GeneratioN,NGN
14455,purge,purge
13387,0-skill,0 skill
14983,we-live,We Live
13634,random-dogs,random dogs
15589,kimchii,KIMCHII
14387,cutiepies,Cutiepies
15204,just-anything,Just Anything
12950,ae5-youngstars,AE5 YOUNGSTARS
15213,peak-iron-2,Peak Iron 2
8470,victory,VICTORY,VIC
11835,fantasy-gaming,Fantasy Gaming,FSY
14002,project-x,Project X
15220,burnt-source,Burnt Source
14549,papo-de-agustinho,Papo de agustinho,PDA
14497,fellas-in-paris,Fellas in Paris
11876,sei-la-quem-e-amigos,sei la quem e amigos
14485,blandsaft,Blandsaft
13701,karma-esports,KARMA Esports
10646,gg-go-next,GG Go Next
4960,unjobbed,unjobbed
13527,cumberland-varsity,Cumberland Varsity,CU.V
1342,axsor,Axsor,AX
11870,kahood,Kahood,KAH
14560,lab-do-gigio,Lab do Gigio,LDG
13269,team-vanguard,Team Vanguard
13766,mlt-phasmos,MLT Phasmos
8928,ghetto-artist,Ghetto Artist,GA
11869,creeper-consumer,Creeper Consumer,CC
13614,striderz,STRIDERZ,SRZ
15214,korean-zebras,Korean Zebras,KZ
14327,war,WAR
15217,azadee,Azadee
13284,infinity-x,Infinity X,INF
13705,lajota-vinny,LAJOTA VINNY,LJV
14976,thanos-state-university,Thanos State University
14572,n1,N1
14655,orquestra-do-maestro,Orquestra do Maestro,ODM
9769,enro-griffins,EnRo Griffins,EnRo
12505,2strong4u,2strong4u
10229,mcast,MCAST
12668,moist-moguls-red,Moist Moguls RED,MxM.R
6998,mango,MANGO
12125,onliners,onliners
4837,shopify-rebellion-gc,Shopify Rebellion GC,SR.GC
13316,supernova-galaxy,Supernova Galaxy,SNG
2108,blue-bees-esp,BLUE BEES.ESP,BB
14561,playoffenjoyer,PLAYOFFENJOYER,OFF
13889,mirai,MIRAI,MIR
13724,monstros-fa,MONSTROS FA,MFA
14755,noobster-xeno,Noobster Xeno
12659,arranca-dream-v3,Arranca Dream v3
15170,akr-e-amigos, akr e amigos,AKR
14471,expect-the-unexpected,expect the unexpected
14747,ora-geter-lur,Ora Geter Lur
14258,tariks-allstars,Tarik's Allstars,TARIK
15175,cocacolazero,cocacolazero
12638,game-crashers,Game Crashers
14802,redsea-esport,Redsea Esport,RS
12476,mad-lions-laur,MAD Lions LAURË,MAD.L
6006,newstar,Newstar,N5R
14718,passion-project,Passion Project,PP
14330,pds-esports,PDS Esports,PDS
15017,cyberking-pse,Cyberking PSE
9054,auristralis,Auristralis
9430,anaadi-army,Anaadi Army,AA
13175,the-vicious,The Vicious,VCS
5233,sissi-state-punks,Sissi State Punks,SSP
12236,fokus-sakura,FOKUS Sakura,FKS.S
12851,giefkalash,giefKalash
13907,lobo-mouz,LOBO MOUZ ,LBM
13885,stylle,Stylle,STY
14645,dragon-warriors,Dragon Warriors,DW
2761,szk-esports,SZK Esports,SZK
14513,goodfornothing,GoodForNothing
4068,babybeast,BabyBeast
15007,team-ballistic,Team Ballistic
14760,supreme-sports,Supreme Sports
6993,dark-tempest,Dark Tempest
11951,team-karma,Team Karma,TK
12464,disguised-gc,Disguised GC,DSG
13345,notale-basileia,NoTale Basileia
14122,bubatzbuben,BubatzBuben,GER
13374,airavata-esports,AIRAVATA ESPORTS,AVT
14798,rox,ROX
12647,virtual-cowboys,Virtual Cowboys
13199,defiant,Defiant
14239,connext-roster-hunt,CONNEXT Roster Hunt
3347,angry-titans,Angry Titans,AT
14194,1715,1715
13924,vision-harutoman,Vision Harutoman
13818,stone-esports,Stone Esports
12699,altf4,Altf4
11692,milenut-hannie,milenut hannie
9361,harmony,Harmony,HMNY 
15594,boy-kissers,Boy Kissers
14446,prettymonkeys,PrettyMonkeys
13811,bankai,Bankai
14535,vanguards,Vanguards
13998,acqua-gaming,ACQUA GAMING
15172,diamondsdancing,diamondsdancing,DIAM
8818,instalock-x,Instalock X,INS
14702,bineddiekittens,BINEDDIEKITTENS
12346,sandkasse,Sandkasse
14515,team-prolific,Team Prolific
15067,adamant-celestials,Adamant Celestials
14514,jokers,JOKERS
10536,rochester-university-esports,Rochester University Esports
13251,ananasy,ANANASY
14326,barzah-esport,Barzah Esport
1837,attacking-soul-esports,Attacking Soul Esports,ASE
15489,athenas-wisdom,Athena's Wisdom
13970,kairos,Kairos
10369,argon-black,Argon Black
14975,meowcupcakeyum,MEOWCUPCAKEYUM
3653,ownage,ownage
2760,valkyrie,Valkyrie
11243,university-of-virginia,University of Virginia
14032,asians-and-stellar,asians and stellar
12966,team-exs,Team eXs,eXs
13608,guangdong-northern-tigers,Guangdong Northern Tigers
14322,top-gz,top gz,tgz
12129,faze-clan-gc,FaZe Clan GC,FaZe
7134,que-la-famille,Que La Famille,QLF
2670,ignite,Ignite
13813,wd40-peek,WD40 Peek
14111,achtung5,Achtung5
10109,lanpacan,LANPACAN,LPCN
14584,frozen-3,Frozen 3
14422,sin-prisa-gaming,Sin Prisa Gaming,SPG
14325,critics,Critics
15229,evil-genies,evil genies
15157,eco-quantum,ECO Quantum
12988,meowmeow,meowmeow
11024,currygold,CurryGold
10493,niner-esports,Niner Esports
10606,amoris-vega,AMORIS Vega,ASV
14357,neanlatiyonbolm,NEANLATIYONBOLM
5934,insurgent-esports,Insurgent Esports,IES
14216,tragiikz-tempest,TragiiKz Tempest
6727,misfits-black,Misfits Black,MSF
5455,lethal-esports,Lethal Esports,LES
13105,ruzsai-szpecnaz,Ruzsai Szpecnaz
13526,pug123,pug123
8870,hit-gaming-clan,HIT GAMING CLAN,HIT
14605,deathwish-esports,Deathwish eSports
12964,meow-gaming,Meow Gaming
11763,sky-empire,Sky Empire,SKYE
12414,super-kimchi-power,Super Kimchi Power
10324,saints-esports,Saints eSports
12832,tn1ght-clan,TN1GHT Clan,TNT
12763,xenon-esports,Xenon Esports
14252,mon-freros,Mon Freros
15215,unsw-roar,UNSW Roar
14575,phantom-gaming,Phantom Gaming,PTG
13157,albanian-eagle,Albanian Eagle
13103,lastflight,LastFlight
13781,the-furious-five,The Furious Five
14184,st-mob,ST Mob
10607,sparks,SPARKS,3S
12171,sapphire,Sapphire,SPH
10291,team-baobao,Team BAOBAO,bb
15158,buchclub,buchclub
14207,5buuggs,5Buuggs,5BUG
13890,zenix-e-sports,Zenix E-Sports,ZEX
14265,be-like-mike,be like mike
13597,brazah-esport,Brazah Esport
12420,4n-e-sport,4N E-Sport,4NE
15377,notilt,NOTILT
11258,grindmore-esports,Grindmore Esports,GM
15598,free-orbs,Free Orbs,FRO
14209,exodia2024,EXODIA2024,EXO
12098,antic-esports-academy,Antic Esports Academy
11527,big-hot-men,Big Hot Men
13124,starz,STARZ
14589,tsw,TSW
13747,young-nutters-club,Young Nutters Club,YNC
14562,fall-before-us,fall before us,FALL
14577,our-name-is,Our Name Is,ONI
1810,grow-up-esports,Grow uP eSports,uP
9296,last-gate,Last Gate,LGE
11502,handmade-potion,Handmade Potion,HP
7171,big-blue-charizard,Big Blue Charizard,BBC
13688,cash-cash-cash,CASH CASH CASH,CASH
15059,noxa-ares,NOXA Ares
13991,uruguai,uruguai,uru
6008,oddik-bright,ODDIK Bright,ODK
14454,oyoon,Oyoon
13672,torch,Torch
14426,extreme-esports,eXtreme Esports
13604,v,V
14940,jazz-team,Jazz Team
13148,scan-city,Scan City,SC
14804,wilbur-gaming,Wilbur Gaming
14314,nemapau,NemAPAU,PAU
14049,turuna-e-sports,Turuna E-Sports,TRS
15268,cherry-ladies,Cherry Ladies
14820,the-process,the process
15196,tyrants,Tyrants
12789,project-swede,Project Swede
15225,super-spike-bros,Super Spike Bros
12986,layer-esport,Layer Esport
12054,swans-esports,Swans Esports
14489,beserkrs,Beserkrs
14965,good-luck,good luck
8084,lone-way-e-sports,Lone Way E-SPORTS,LWE
13335,dtgirls,DTGirls,DT
13079,t2g-esports,T2G Esports,T2G
14491,overcooked,Overcooked
11496,alternate-attax-ruby,ALTERNATE aTTaX Ruby,aTTaX
5126,amazing,Amazing,AMZ
14431,zwala,zwala
13919,libertados,Libertados,LBT
14759,airstrikers,AIRSTRIKERS
11360,bing-chilling,BING CHILLING
15375,corinthians-1920-1080,Corinthians 1920:1080
14656,spot-gaming,SPOT GAMING,SPOT
14362,i2k-esports,i2K Esports
13040,krazy-gurlz,Krazy Gurlz,KRZ
8906,beyond-stratos-gaming,Beyond Stratos Gaming,BSG
15588,karasuno,Karasuno
12248,tiger-wong-esports,Tiger Wong Esports,TWE
13809,oxen-academy,OXEN Academy
6870,isosimo,ISOSIMO
14700,strawberry-mango-ice,Strawberry Mango Ice
8587,the-mad-men,The Mad Men,TMM
14009,solus-esports,Solus Esports
15041,leet-esport,Leet eSport
11154,to-je-jasny,to je jasny
14789,abyss,Abyss
9509,serpes-gaming,Serpes Gaming,SRPS
14383,noez-foxx,NOEZ FOXX,NFX
13468,supermassivebots,SUPERMASSIVEBOTS
13446,griff-diff,Griff Diff
15429,axkrum-gc,AXKRUM GC,AXK
14025,academic-weapons,academic weapons
12661,orgless-2-0,Orgless 2.0
9975,st-clair-saints,St. Clair Saints,SCC
14552,staff-tour-gaming,Staff Tour Gaming,STG
14553,rumble,Rumble,RUMB
2917,enigma-gaming,Enigma Gaming,ENGM
13771,dreamwave,DREAMWAVE
12052,gamingxd,GamingXD
14588,zippy-xp,Zippy Xp
9062,guppies,Guppies
13143,why-so-serious,Why So Serious
14555,x404,X404,X404
12787,fearferox,FearFerox
13609,ixo-esports,IXO Esports,IXO
14112,blok6,BLOK6
13059,zer0-guerriere,Zer0 Guerriere,Z0G
12212,choice-esport,Choice esport
14769,unknown-5,Unknown 5
14212,odiamos-l2,odiamos L2,OL2
13160,zthelock,ztheLOCK
12762,xlr8-esports,XLR8 Esports,XLR8
13616,les-sixz,Les Sixz,LSZ
13559,efler,Şefler
2554,world-game-star,World Game Star,WGS
12806,breakthru-academy,BreakThru Academy,BRKA
2532,louvre,Louvre,LVR
8622,goth-boy-clique,goth boy clique
1146,godlike-esports,GodLike Esports,GDL
7757,alliance-coven,Alliance Coven,ALL.C
10293,bikini-bottom-pratahouse,Bikini Bottom Pratahouse,BBP
14374,barrys-bodyshooters,Barry's Bodyshooters
9443,nativz,Nativz,Nativz
5413,uwu,UwU
14253,5m-esports,5M esports
15428,capevaras,Capevaras,CPV
15070,tropa-tropa-gang,Tropa Tropa Gang
12487,brexit-aim,BREXIT AIM,BRX
14456,forsaken,Forsaken
14842,evoza-gc,Evoza GC
11886,os-ponta-firme,os ponta firme
9048,nt4h-sunrise,NT4H Sunrise
14372,oot-esports,OOT Esports
4529,illuzion,IlluZion,IluZ
6798,reignite,REIGNITE,RIG
4782,cyber-wolves-esports,Cyber Wolves Esports,CWE
9078,cruzados-esports-fem,Cruzados Esports Fem,UC.Fem
14574,nuclear,Nuclear,NC
13422,saltire-sirens,Saltire Sirens
12142,capybara-gang,Capybara GanG,CAPY
14832,diversity,diversity
13682,fisher-white,Fisher White
14661,the-basement,the basement
14202,jatinangor,Jatinangor
13805,chosen-clique-gaming-gc,Chosen Clique Gaming GC,CCG.GC
13218,batatinhas-raivosas,batatinhas raivosas
13645,elogauner,Elogauner
12657,hackers,HACKERS
14505,rainys-kittens,Rainy's Kittens
12406,unison,Unison_
11986,tjd-esports-club,TJD Esports Club,TJD
15013,promise,Promise
14377,not-friends,Not Friends
14368,business-boys,Business Boys
7345,tremb4l4,tremb4l4,TRB
9824,oxyg3nious,Oxyg3niOus,O3O
15290,xavier-esports,Xavier Esports,XAV
15169,pelotao-dos-raul,PELOTAO DOS RAUL,PDR
4993,fw-esports,FW Esports,FWE
3545,clg-red,CLG Red,CLG
14493,5am,5AM
12681,h-alko-gaming,H.ALKO GAMING
12811,booskams,BooskaMS
13913,vetooor-e-amigos,VETOOOR E AMIGOS ,VET
10737,o-trem,O TREM,OTR
14528,404-multigaming-e-v,404 Multigaming e.V.
12815,grass-touchers,Grass Touchers
14214,tropa-do-m4dara,Tropa do m4dara,TDM
15086,6ix-shootas,6IX Shootas
13820,phantom-knights,Phantom Knights
15018,nctdk,NCTDK
12536,imperium-vancuverii-nilus,ImPerium Vancuverii Nilus,ImP
14812,team-vortex,TEAM VORTEX
14495,freebird,FreeBird
15005,end,END
14830,refugee-camp,Refugee Camp
14045,zikapangas,ziKapangas,ZIK
4356,cruzados-esports,Cruzados Esports,UC
14031,cappers,Cappers
14980,mine-over-matter,Mine Over Matter
12705,team-vikings,Team Vikings,VK
12325,5-angry-men,5 Angry Men
14793,322,322
6175,asteria-gaming,Asteria Gaming,AG
15228,ninjas-in-paris,Ninjas In Paris
12260,was-jetzt,WAS JETZT?
10505,ust-esports,UST Esports
14323,qq,qq
14824,boomertin,boomertin
13391,anexo-esports,ANEXO ESPORTS,ANX
13810,sdufens-social-club,Sdufens Social Club
14741,diamond-esports,Diamond Esports
13999,aplica-06-aplica,Aplica 06 Aplica,A06
8038,snhu-blue,SNHU Blue,SNHU
14494,anitax,Anitax
15248,justice-for-clear,justice for clear
14457,alex-schule,Alex Schule
8451,tempest-gaming,Tempest Gaming,TPG
14219,wasted-talent,WASTED TALENT
13178,silencio-esports,Silencio Esports
15055,kaizen,Kaizen
12131,ade-serein,ADE Serein
7412,akave-esports-gc,Akave Esports GC,AKV.GC
15053,boss-asian-squad,Boss Asian Squad
13691,fraflu,FRAFLU,FRA
15281,donas-da-bala,donas da bala,DDB
15114,shanghai-dragons,Shanghai Dragons
6314,xset,XSET,XSET
14989,capn-crunch-and-the-cereal-killers,CapN Crunch and the Cereal Killers
13703,vex-dragons,Vex Dragons,VEX
14621,zer0-esports,Zer0 Esports
11233,bc-swell,BC SWELL,BCS
13171,ess,ESS
14542,bobers,Bobers
14657,kampus,Kampus,KPM
12700,zennit,ZennIT
12383,vortex-warriors,Vortex Warriors
14376,drake-knights,Drake Knights
14482,max-win,MAX WIN
5007,dja-bu-sabi,dja bu sabi
12284,friendly-gamers,Friendly Gamers
12790,subway-surfers,Subway Surfers
14500,missing-in-action,Missing In Action,MIA
14501,pritong-manok,Pritong Manok
11053,valiant,Valiant,VALT
14753,abdulx500,AbdulX500
13590,mikss,MIKSS
12482,godalions,Godalions
12061,sinovi,Sinovi
14539,mdujsanwfausikm,MDUJSANWFAUSIKM
10043,1millisecondx,1MillisecondX
14530,bald-buff,Bald Buff
14375,riddle-order,RIDDLE ORDER,RID
14684,bubble-bros,BUBBLE BROS
14648,littles,Littles,LTT
14365,downfall-esports,Downfall Esports,DWF
14309,mayan-empire,Mayan Empire,MYN
10403,candy,Candy
14791,jobless,jobless
13413,cuddle-gang,Cuddle Gang
13125,dancers,dancers
15080,crime-city,Crime City
10530,tamu-white,TAMU White
12574,neon-blade,NEON BLADE,NB
5357,night-raid,Night Raid
13787,the-team,The Team
13669,rmu-colonials,RMU Colonials
13850,mcom-esports-commandos,MCOM eSports Commandos
14083,hungarikum,Hungarikum
2914,biryani-power,Biryani Power,BP
13668,tedward-gaming,Tedward Gaming
14596,oly,OLY
12303,next-esports,Next Esports,NxT
13194,ztx-esports-canada,ZTX Esports Canada,ZTX
14208,super-onze, super onze,S11
15581,baguette,Baguette,BG
15585,smoke-meio,Smoke Meio,PRG
12331,botiki-prada,botiki prada
14703,parralax-esports,Parralax eSports
10616,fulgor-esports,Fulgor Esports
12306,bear-bandits,Bear Bandits
5339,ofby,oFby
12465,ice-force-esports,ICE Force Esports
1959,slay-them-with-respect,Slay Them With Respect,STWR
13229,street-sweepers,Street Sweepers
12680,team-headshot-homer,TEAM HEADSHOT-HOMER
10483,fgcu-thunderbirds,FGCU Thunderbirds
7376,os-guri-da-geral-do-gremio,OS GURI DA GERAL DO GREMIO
11595,young,Young
4860,dominus-esports,Dominus Esports,DOMS
12008,mamacita,Mamacita
13755,vanquished-paradox-gaming,Vanquished Paradox Gaming
14399,viciadas-em-defusar,viciadas em defusar
12453,team-mixed,Team Mixed
13750,oxujimint,OXUJIMINT
12094,junkbee,junkbee
14564,gw-e-amigos,GW e amigos,GEA
15028,xz,xz
15192,bellakitas,Bellakitas,BT
14347,silly-squad,Silly Squad
12793,bald-boomers,Bald Boomers
15468,team-desperados,Team Desperados
14294,roblox-cows,Roblox Cows
15520,nnnnnnnnn,nnnnnnnnn,NNN
15523,011013053021,011013053021,011
11687,sway-esports, Sway eSports
12627,vendetta,Vendetta,VN
15224,tbd,TBD
3945,rio-company,Rio Company,RIO
9450,pablos-kittens,Pablo's Kittens
12090,cowabungus,Cowabungus
10579,sjsu-blue,SJSU Blue,SJSU
13538,full-sense-u20,FULL SENSE U20,FSA
13355,dach-legendz,DACH Legendz
15352,sad-pink,SaD Pink
12394,alice-team,Alice Team
12626,aex-1-nova,AEX-1 Nova,AEX.N
10573,csuf-orange,CSUF Orange
15474,nepotism,Nepotism
12984,sparkly-ballz,sparkly ballz
10087,team-digital,Team Digital
13183,el-menzah-esports,EL MENZAH ESPORTS
10509,lg-orange,LG Orange,UT
13670,not-wvu,Not WVU
13230,moist-x-troop,Moist x Troop
14145,bambys-boys,Bambys Boys
13800,forfeit,/forfeit
14944,babyhades,babyhades
12390,12,승현짱짱12
14521,ippo,IPPO
15088,fractal-gaming,Fractal Gaming
739,yumperigo,YUMPERIGO
12594,klutz-esports,Klutz Esports
10301,valkyrie-esports,Valkyrie eSports,VLK
13869,spongebober-bly,Spongebober bly
12682,estroxal,Estroxal
12114,pingou-esport,Pingou Esport
13252,kokoz,KOKOZ
14635,pt,PT
10560,usc-cardinal,USC Cardinal
1172,bxl-zoo,BXL Zoo ,BXL
11974,heizung-auf-5,HEIZUNG AUF 5
14762,vicinity-esports,Vicinity eSports
11281,hey-yakiniku,Hey! Yakiniku,HEY
8840,bravado-gaming,Bravado Gaming,BVD
10979,kizuna-esports,Kizuna Esports,KZ
14658,donzelas-bebadas,Donzelas Bebadas,DON
14559,noite-carioca,Noite Carioca,NC
11200,cataclysm-gaming,Cataclysm Gaming
14447,spongebob,Spongebob
14640,kings-of-savage,Kings of Savage
13842,dexterity-gaming,Dexterity Gaming,DXG
13779,siko,Siko
12095,ignister-esports,Ignister Esports
14128,thepawbrothers,ThePawBrothers,pAw
13473,project-ap,Project_AP
13383,team-team,Team Team.
13671,yungmuzzy-corps,YungMuzzy Corps
12841,ydz-infinity,YDZ Infinity,YDZ.I
10589,kk-esport,KK esport
13185,occupy-jr,Occupy Jr,OPY
13406,instinct,Instinct
10418,miv-gaming,MIV Gaming,MIV
12070,or5,OR5
11888,villa-mix-team,Villa Mix Team
9487,metatensei-esports,MetaTensei Esports
15492,godiwnl,godiwnl
13508,donkey-kong,Donkey Kong
15587,verdant,Verdant
14475,mad-lions-koi,MAD Lions KOI,MDK
14583,hydrogen,HYDROGEN,HYDR
14808,room-service,Room Service
9431,redpack-esports,RedPack eSports,RP
15101,paragons,Paragons
15267,athena,Athena
10895,excel-gc,EXCEL GC,XL.GC
14498,c4-mist-academy,C4 Mist (Academy),C4
14499,black-air-force-energy,Black Air Force Energy
12178,the-hero-kda,THE HERO KDA,THE.K
13927,nvv-drops,NVV_Drops
10456,fiu-varsity,FIU Varsity,FIU
12358,primary-one,Primary One
13752,jardajagr,jardajagr
14534,danger,Danger
11557,arav-esports,ARAV Esports
13900,valoriza-guys,Valoriza Guys,VLG
13901,tourette,TOURETTE,TRT
14813,after-hours,AFTER HOURS
15091,the-mandem,The Mandem
13407,lets-be-great,Let's Be Great
15111,all-business,All Business
13792,pug-squad,Pug Squad
14486,heat-esports,HEAT eSports,HEAT
14644,playing-for-a-dream,Playing for a dream,PFD
13046,nyx-kyosei,NYX Kyosei,NYX
14810,vanguard,Vanguard
12735,pingpongpeek,PingPongPeek
1248,tradelikepros,TradeLikePros,TLP
8742,chiz-borger,Chiz Borger
11871,bonfire-hc,Bonfire HC
14851,nemezis,NEMEZIS
13217,looking-for-org-2-0,Looking For Org 2.0
14990,4nem,4nem
13718,ottawa-gaming,OTTAWA GAMING,OTTA
14088,here-to-gamble,Here to Gamble
12959,captain-130cm,Captain 130cm
14507,kage,Kage
15538,riches2rags,Riches2Rags
12009,dd-team,DD Team,DDT
13195,the-labyrinth,The Labyrinth
14394,we-overcooked,We Overcooked
14487,verdantx,VerdantX,VDX
12209,in-one-moment,In one moment
15191,titanic,TITANIC,TNC
13035,deviant-topaz,Deviant Topaz,DVT
13443,566,虎尾566團購
13565,3,:3
13430,freedent-white,Freedent white
12774,chosen-1s-black,Chosen 1s Black,C1B
14556,the-real-sponsorless,the real sponsorless,TRS
14632,meow,Meow
11857,ashur-esports,Ashur Esports,ASH
13621,overachievers,OverAchievers
12274,exo-clan-academy,EXO Clan Academy,EXO.A
15042,honestly-nvm,honestly nvm
11576,version-z,Version_Z
10145,bref,BREF
14297,smoothie,SMOOTHIE
15161,2007,2007,2007
11482,m3g4gr1ll,M3G4GR1LL,MG
11686,travelers-around-the-world,Travelers Around The World
14687,vivid,Vivid
14029,morbidly-some-beasts,morbidly some beasts
12179,tiger-wong-valkyrie,Tiger Wong Valkyrie
15274,team-brave-soldiers-gc,Team Brave Soldiers GC,TBS.GC
13637,converse-nbg,Converse NBG,CVU.NBG
14484,hl-tauri-esports,HL Tauri Esports,HLT
14393,onifans,Onifans
12900,maryville-university,Maryville University,MU
14496,surely-tragic-revived,Surely Tragic Revived
15024,inc-acegear,INC ACEGEAR
3322,border-monsters,Border Monsters,BM
13902,firestorm-elite-rogues,Firestorm Elite Rogues,FER
14483,reborned,REBORNED
13512,ccg-esports,CCG Esports
7005,game-of-throws,Game of throws,GOT
12628,serpes-viboras,Serpes Viboras
14827,gunters-goons,Gunter's Goons 
14961,pauls-puppies,Pauls Puppies
14458,avengers,AVENGERS
15092,van-lyn-black,Van Lyn Black
13386,kinetic-e-sport,Kinetic E-SporT
11988,pinadinha-do-paquet,pinadinha do paquetá
13710,cactus-cowboys,CACTUS COWBOYS,COW
13067,figure8,Figure8
13844,stay-hard,Stay Hard
14770,team-rogers,Team Rogers
15345,4star,4star
13720,f4tality,F4TALITY,F4T
14643,bagres-droptech,Bagres.DropTech,BDT
14503,ferox,Ferox
15526,curralzinho,CURRALZINHO,CUR
13131,husky-phantom-x,Husky Phantom X
15494,dmg-esports,DMG Esports
12139,babybeast-free-agent,BabyBeast Free Agent,FA
14490,friends,friends
804,royal-never-give-up,Royal Never Give Up,RNG
11917,columbia-college,Columbia College,CC
13438,addictes-gc,Addictes GC
14520,bongo-cats,bongo cats
13560,tft-demons,TFT Demons
15297,biras,BIRAS,BIRAS
14659,v1c,v1c
13612,xenesis-e-sports,Xenesis e-sports
15379,bippin-boys,Bippin Boys
14969,archie-dynamite-dalmatians,Archie Dynamite Dalmatians
14201,ultra-jarjit,Ultra Jarjit
12356,ntnui-e-sports,NTNUI e-sports
14620,altair-esports,Altair Esports
8938,fear-eater-esports,Fear Eater Esports,FTR
12300,delta-esports,DELTA esports
14139,valiant-pbl,Valiant PBL,VLNT
12161,lync-nwj,LYNC NWJ
14624,ocu,OCU
15171,ghosts-do-nyang, GHOSTS DO NYANG,GDN
12305,moze-clan,MoZe Clan
11248,ninjas-in-pyjamas-lightning,Ninjas in Pyjamas Lightning,NIP.LI
13613,team-stas,Team Stas
14749,the-overdogs,THE OVERDOGS
12377,odk-heroes,ODK Heroes
10594,axx,AxX
4317,event-horizon,Event Horizon,EvHz
14790,reve-drift-arena,Reve Drift Arena,RDA
5769,lancers,Lancers
14972,awaited-return,Awaited Return
12250,90-kg,90 KG
14665,rabilis-burst,RABILIS BURST,RSB
15173,l5,L5
377,bonk,bonk
15103,fisher-rising,Fisher Rising
13389,stk,STK.
13384,pharaohs-e-sports,PHARAOHS E-SPORTS,PHA
15167,os-mnr-purin,os mnr purin,MNR
13822,the-krows,The Krows
8727,flx,FLX
11488,albion,ALBION
14050,carros-2,Carros 2,CAR
9806,the-last-monarch,The Last Monarch,TLM
14441,oksykodony,oksykodony
12193,highfive,HIGHFIVE
15571,awaken-red,Awaken RED
9174,team-fish-taco,Team Fish Taco,TACO
